feedback_id,enrollment_id,rating,submission_date
10000001,10000029,7,2022/06/17
10000002,10000001,3,2022/07/05
10000003,10000028,7,2022/07/24
10000004,10000026,8,2022/09/07
10000005,10000002,4,2022/09/27
10000006,10000025,6,2022/10/08
10000007,10000048,6,2022/11/07
10000008,10000024,3,2022/11/17
10000009,10000003,9,2022/11/26
10000010,10000023,9,2023/01/02
10000011,10000005,7,2023/01/24
10000012,10000049,10,2023/01/28
10000013,10000006,7,2023/02/23
10000014,10000050,4,2023/03/05
10000015,10000021,10,2023/03/28
10000016,10000007,9,2023/04/09
10000017,10000008,7,2023/04/10
10000018,10000051,6,2023/04/25
10000019,10000009,7,2023/05/12
10000020,10000019,6,2023/05/18
10000021,10000052,6,2023/06/01
10000022,10000053,9,2023/06/19
10000023,10000010,5,2023/07/04
10000024,10000011,8,2023/07/09
10000025,10000054,4,2023/07/18
10000026,10000055,6,2023/08/28
10000027,10000033,7,2023/10/11
10000028,10000013,10,2023/10/23
10000029,10000018,6,2023/11/02
10000030,10000035,4,2024/01/03
10000031,10000015,6,2024/01/05
10000032,10000014,10,2024/01/11
10000033,10000040,7,2024/01/15
10000034,10000016,9,2024/01/24
10000035,10000041,7,2024/01/26
10000036,10000036,10,2024/02/04
10000037,10000038,7,2024/03/01
10000038,10000043,10,2024/03/01
10000039,10000037,8,2024/03/17
10000040,10000044,6,2024/03/26
